Event,Value,Timestamp
task_advance,1,01:12
task_advance,2,01:53
danger_zone_start,ai_handler,02:03
thrshldpsscntttl_dngr,1,02:18
ai_incorrectlogging,1,02:18
stppsscount_dngr,1,02:18
thrshldpsscntttl_dngr,1,02:29
ai_incorrectlogging,2,02:29
stppsscount_dngr,1,02:29
thrshldpsscntttl_dngr,2,02:40
ai_incorrectlogging,3,02:40
stppsscount_dngr,2,02:40
thrshldpsscntttl_dngr,3,02:50
ai_incorrectlogging,4,02:50
stppsscount_dngr,3,02:50
task_advance,3,02:52
ai_correctlogging,1,02:57
thrshldpsscntttl_dngr,4,03:00
ai_incorrectlogging,5,03:00
stppsscount_dngr,4,03:00
thrshldpsscntttl_dngr,5,03:10
ai_incorrectlogging,6,03:10
stppsscount_dngr,5,03:10
ai_correctlogging,2,03:18
task_advance,4,03:34
danger_zone_end,ai_handler,03:44
task_advance,5,04:38
task_advance,6,05:29
danger_zone_start,operator_handler,05:39
thrshldpsscntttl_dngr,6,05:54
thrshldpsscntttl_dngr,7,06:09
wrong_entry,N/A,06:10
stppsscount_dngr,6,06:11
thrshldpsscntttl_dngr,2,06:26
stppsscount_dngr,2,06:27
stppsscount_dngr,3,06:28
task_advance,7,07:02
task_advance,8,08:13
danger_zone_end,operator_handler,08:28
duplicated_entry,N/A,09:21
task_advance,9,11:00
CHOICE,NO,11:16
thrshldpsscntdngrttl_nrml,1,11:17
task_advance,10,11:52
danger_zone_start,operator_handler,12:02
thrshldpsscntttl_dngr,1,12:17
task_advance,11,13:07
wrong_entry,N/A,17:12
task_advance,12,18:01
danger_zone_end,operator_handler,18:11
duplicated_entry,N/A,20:00
thrshldpsscntdngrttl_nrml,2,20:59
calibration,1,21:26
task_advance,13,22:03
end,N/A,22:03
wrong_entry,N/A,22:03
