Event,Value,Timestamp
wrong_entry,N/A,00:45
task_advance,1,01:33
wrong_entry,N/A,02:30
task_advance,2,02:54
thrshldpsscntdngrttl_nrml,1,03:02
danger_zone_start,ai_handler,03:04
thrshldpsscntttl_dngr,1,03:19
ai_incorrectlogging,1,03:19
stppsscount_dngr,1,03:19
thrshldpsscntttl_dngr,1,03:29
ai_incorrectlogging,2,03:29
stppsscount_dngr,1,03:29
thrshldpsscntttl_dngr,2,03:39
ai_incorrectlogging,3,03:39
stppsscount_dngr,2,03:39
wrong_entry,N/A,03:47
thrshldpsscntttl_dngr,1,03:49
ai_incorrectlogging,4,03:49
stppsscount_dngr,1,03:49
thrshldpsscntttl_dngr,2,04:06
ai_incorrectlogging,5,04:07
stppsscount_dngr,2,04:07
thrshldpsscntttl_dngr,2,04:17
ai_incorrectlogging,6,04:17
stppsscount_dngr,2,04:17
task_advance,3,04:30
ai_correctlogging,1,04:39
ai_correctlogging,2,05:02
ai_correctlogging,3,05:13
task_advance,4,05:18
danger_zone_end,ai_handler,05:28
calibration,1,06:05
task_advance,5,06:15
task_advance,6,06:56
danger_zone_start,operator_handler,07:06
thrshldpsscntttl_dngr,3,07:36
stppsscount_dngr,3,07:38
stppsscount_dngr,4,07:40
thrshldpsscntttl_dngr,3,07:52
stppsscount_dngr,3,07:53
stppsscount_dngr,4,07:54
thrshldpsscntttl_dngr,4,08:08
stppsscount_dngr,5,08:09
task_advance,7,08:10
stppsscount_dngr,6,08:10
stppsscount_dngr,7,08:11
wrong_entry,N/A,09:07
task_advance,8,09:41
danger_zone_end,operator_handler,09:56
task_advance,9,10:53
wrong_entry,N/A,11:54
thrshldpsscntdngrttl_nrml,2,13:26
duplicated_entry,N/A,13:55
CHOICE,NO,14:58
wrong_entry,N/A,15:14
task_advance,10,15:42
danger_zone_start,operator_handler,15:52
thrshldpsscntttl_dngr,3,16:08
task_advance,11,17:35
duplicated_entry,N/A,19:38
duplicated_entry,N/A,21:02
duplicated_entry,N/A,22:21
duplicated_entry,N/A,24:11
task_advance,12,25:52
danger_zone_end,operator_handler,26:02
duplicated_entry,N/A,26:50
duplicated_entry,N/A,28:57
task_advance,13,30:13
end,N/A,30:13
