Event,Value,Timestamp
task_advance,1,00:27
task_advance,2,01:12
danger_zone_start,ai_handler,01:22
thrshldpsscntttl_dngr,1,01:37
ai_incorrectlogging,1,01:38
stppsscount_dngr,1,01:38
thrshldpsscntttl_dngr,2,01:47
ai_incorrectlogging,2,01:48
stppsscount_dngr,2,01:48
thrshldpsscntttl_dngr,1,01:57
ai_incorrectlogging,3,01:57
stppsscount_dngr,1,01:57
thrshldpsscntttl_dngr,1,02:07
ai_incorrectlogging,4,02:08
stppsscount_dngr,1,02:08
thrshldpsscntttl_dngr,2,02:20
ai_incorrectlogging,5,02:20
stppsscount_dngr,2,02:20
thrshldpsscntttl_dngr,3,02:31
ai_incorrectlogging,6,02:31
stppsscount_dngr,3,02:31
ai_correctlogging,1,02:43
task_advance,3,02:47
ai_correctlogging,2,03:08
ai_correctlogging,3,03:27
wrong_entry,N/A,03:29
ai_correctlogging,4,03:38
task_advance,4,03:54
danger_zone_end,ai_handler,04:04
task_advance,5,04:29
task_advance,6,05:34
danger_zone_start,operator_handler,05:44
thrshldpsscntttl_dngr,4,06:14
thrshldpsscntttl_dngr,2,06:30
thrshldpsscntttl_dngr,3,07:01
task_advance,7,07:39
task_advance,8,08:36
danger_zone_end,operator_handler,08:51
task_advance,9,09:10
CHOICE,YES,09:48
task_advance,10,10:36
danger_zone_start,ai_handler,10:46
thrshldpsscntttl_dngr,3,10:57
ai_incorrectlogging,7,10:57
stppsscount_dngr,2,10:57
ai_correctlogging,5,11:39
ai_correctlogging,6,11:42
ai_correctlogging,7,11:57
task_advance,11,11:57
ai_correctlogging,8,12:34
ai_correctlogging,9,12:38
task_advance,12,12:56
ai_correctlogging,10,12:57
danger_zone_end,ai_handler,13:06
duplicated_entry,N/A,13:33
duplicated_entry,N/A,15:14
task_advance,13,17:24
end,N/A,17:24
