Event,Value,Timestamp
task_advance,1,01:04
thrshldpsscntdngrttl_nrml,1,01:38
stppsscount_nrml,1,01:39
stppsscount_nrml,2,01:40
stppsscount_nrml,3,01:40
stppsscount_nrml,4,01:41
task_advance,2,02:03
danger_zone_start,ai_handler,02:14
thrshldpsscntttl_dngr,1,02:29
ai_incorrectlogging,1,02:29
stppsscount_dngr,1,02:29
thrshldpsscntttl_dngr,1,02:38
ai_incorrectlogging,2,02:39
stppsscount_dngr,1,02:39
thrshldpsscntttl_dngr,2,02:48
ai_incorrectlogging,3,02:49
stppsscount_dngr,2,02:49
thrshldpsscntttl_dngr,2,02:58
ai_incorrectlogging,4,02:59
stppsscount_dngr,2,02:59
thrshldpsscntttl_dngr,1,03:08
ai_incorrectlogging,5,03:08
stppsscount_dngr,1,03:08
task_advance,3,03:16
thrshldpsscntttl_dngr,3,03:18
ai_incorrectlogging,6,03:19
stppsscount_dngr,3,03:19
ai_correctlogging,1,03:44
task_advance,4,03:50
danger_zone_end,ai_handler,04:00
task_advance,5,04:28
thrshldpsscntdngrttl_nrml,2,04:42
task_advance,6,05:19
danger_zone_start,operator_handler,05:29
thrshldpsscntttl_dngr,2,05:43
thrshldpsscntttl_dngr,4,06:29
stppsscount_dngr,4,06:30
stppsscount_dngr,5,06:31
thrshldpsscntttl_dngr,3,06:45
stppsscount_dngr,3,06:47
task_advance,7,07:01
task_advance,8,08:01
danger_zone_end,operator_handler,08:16
CHOICE,YES,09:09
task_advance,9,09:45
task_advance,10,11:17
danger_zone_start,ai_handler,11:27
thrshldpsscntttl_dngr,3,11:39
ai_incorrectlogging,7,11:39
stppsscount_dngr,2,11:39
task_advance,11,11:49
ai_correctlogging,2,12:21
ai_correctlogging,3,12:27
duplicated_entry,N/A,12:28
ai_correctlogging,4,12:35
ai_correctlogging,5,13:16
ai_correctlogging,6,13:27
ai_correctlogging,7,13:31
ai_correctlogging,8,14:11
duplicated_entry,N/A,14:22
ai_correctlogging,9,14:27
ai_correctlogging,10,14:27
ai_correctlogging,11,15:06
ai_correctlogging,12,15:23
duplicated_entry,N/A,15:26
ai_correctlogging,13,15:27
ai_correctlogging,14,16:01
duplicated_entry,N/A,16:04
ai_correctlogging,15,16:19
ai_correctlogging,16,16:27
ai_correctlogging,17,16:56
ai_correctlogging,18,17:15
ai_correctlogging,19,17:27
ai_correctlogging,20,17:51
ai_correctlogging,21,18:11
wrong_entry,N/A,18:14
ai_correctlogging,22,18:27
task_advance,12,18:37
ai_correctlogging,23,18:46
danger_zone_end,ai_handler,18:47
thrshldpsscntdngrttl_nrml,3,20:11
stppsscount_nrml,5,20:12
task_advance,13,20:39
end,N/A,20:39
