Event,Value,Timestamp
task_advance,1,01:10
thrshldpsscntdngrttl_nrml,1,02:20
task_advance,2,02:25
danger_zone_start,ai_handler,02:35
thrshldpsscntttl_dngr,1,02:51
ai_incorrectlogging,1,02:51
stppsscount_dngr,1,02:51
thrshldpsscntttl_dngr,1,03:01
ai_incorrectlogging,2,03:01
stppsscount_dngr,1,03:01
task_advance,3,03:13
thrshldpsscntttl_dngr,2,03:15
ai_incorrectlogging,3,03:15
stppsscount_dngr,2,03:15
thrshldpsscntttl_dngr,3,03:25
ai_incorrectlogging,4,03:25
stppsscount_dngr,3,03:25
thrshldpsscntttl_dngr,1,03:35
ai_incorrectlogging,5,03:35
stppsscount_dngr,1,03:35
thrshldpsscntttl_dngr,4,03:48
ai_incorrectlogging,6,03:48
stppsscount_dngr,4,03:48
ai_correctlogging,1,03:57
wrong_entry,N/A,04:16
ai_correctlogging,2,04:35
ai_correctlogging,3,04:43
task_advance,4,04:48
ai_correctlogging,4,04:53
danger_zone_end,ai_handler,04:58
task_advance,5,05:47
task_advance,6,06:54
danger_zone_start,operator_handler,07:04
thrshldpsscntttl_dngr,2,07:22
task_advance,7,07:36
thrshldpsscntttl_dngr,3,07:37
thrshldpsscntttl_dngr,2,08:05
task_advance,8,08:34
danger_zone_end,operator_handler,08:49
task_advance,9,09:52
CHOICE,YES,10:12
thrshldpsscntdngrttl_nrml,2,10:14
task_advance,10,11:56
danger_zone_start,ai_handler,12:06
thrshldpsscntttl_dngr,4,12:16
ai_incorrectlogging,7,12:16
stppsscount_dngr,2,12:16
ai_correctlogging,5,13:00
ai_correctlogging,6,13:06
ai_correctlogging,7,13:12
task_advance,11,13:34
ai_correctlogging,8,13:55
ai_correctlogging,9,14:06
ai_correctlogging,10,14:08
ai_correctlogging,11,14:50
ai_correctlogging,12,15:04
ai_correctlogging,13,15:06
ai_correctlogging,14,15:45
task_advance,12,15:53
ai_correctlogging,15,16:00
danger_zone_end,ai_handler,16:03
thrshldpsscntdngrttl_nrml,3,17:28
stppsscount_nrml,1,17:28
stppsscount_nrml,2,17:29
thrshldpsscntdngrttl_nrml,4,18:12
stppsscount_nrml,3,18:12
stppsscount_nrml,4,18:13
task_advance,13,19:41
end,N/A,19:41
