Event,Value,Timestamp
task_advance,1,00:27
wrong_entry,N/A,01:34
wrong_entry,N/A,02:10
task_advance,2,02:43
danger_zone_start,ai_handler,02:53
thrshldpsscntttl_dngr,1,03:08
ai_incorrectlogging,1,03:08
stppsscount_dngr,1,03:08
thrshldpsscntttl_dngr,1,03:18
ai_incorrectlogging,2,03:18
stppsscount_dngr,1,03:18
thrshldpsscntttl_dngr,2,03:28
ai_incorrectlogging,3,03:28
stppsscount_dngr,2,03:28
thrshldpsscntttl_dngr,1,03:39
ai_incorrectlogging,4,03:40
stppsscount_dngr,1,03:40
thrshldpsscntttl_dngr,3,03:51
ai_incorrectlogging,5,03:51
stppsscount_dngr,3,03:51
thrshldpsscntttl_dngr,4,04:01
ai_incorrectlogging,6,04:01
stppsscount_dngr,4,04:01
wrong_entry,N/A,04:06
ai_correctlogging,1,04:13
ai_correctlogging,2,04:36
task_advance,3,04:39
ai_correctlogging,3,05:01
ai_correctlogging,4,05:08
task_advance,4,05:11
danger_zone_end,ai_handler,05:21
task_advance,5,06:19
calibration,1,06:35
task_advance,6,07:06
danger_zone_start,operator_handler,07:16
thrshldpsscntttl_dngr,2,07:34
thrshldpsscntttl_dngr,2,07:51
stppsscount_dngr,2,07:53
wrong_entry,N/A,08:02
thrshldpsscntttl_dngr,3,08:20
stppsscount_dngr,3,08:22
task_advance,7,08:50
task_advance,8,09:46
danger_zone_end,operator_handler,10:01
task_advance,9,11:03
CHOICE,YES,11:14
thrshldpsscntdngrttl_nrml,1,11:26
stppsscount_nrml,1,11:26
stppsscount_nrml,2,11:27
stppsscount_nrml,3,11:28
task_advance,10,11:57
danger_zone_start,ai_handler,12:07
thrshldpsscntttl_dngr,5,12:17
ai_incorrectlogging,7,12:18
stppsscount_dngr,5,12:18
task_advance,11,12:50
ai_correctlogging,5,13:01
ai_correctlogging,6,13:03
ai_correctlogging,7,13:18
ai_correctlogging,8,13:56
ai_correctlogging,9,13:59
wrong_entry,N/A,14:06
ai_correctlogging,10,14:18
task_advance,12,14:31
danger_zone_end,ai_handler,14:41
duplicated_entry,N/A,15:20
thrshldpsscntdngrttl_nrml,2,16:05
stppsscount_nrml,4,16:06
duplicated_entry,N/A,16:59
calibration,1,17:26
duplicated_entry,N/A,17:55
thrshldpsscntdngrttl_nrml,3,18:12
stppsscount_nrml,5,18:13
duplicated_entry,N/A,18:47
duplicated_entry,N/A,20:30
wrong_entry,N/A,21:29
thrshldpsscntdngrttl_nrml,4,21:44
stppsscount_nrml,6,21:45
duplicated_entry,N/A,21:59
collision,1,23:00
thrshldpsscntdngrttl_nrml,5,23:09
stppsscount_nrml,7,23:10
collision,1,23:23
collision,1,23:47
thrshldpsscntdngrttl_nrml,6,23:53
collision,1,25:58
thrshldpsscntdngrttl_nrml,7,26:41
calibration,1,26:53
duplicated_entry,N/A,27:17
thrshldpsscntdngrttl_nrml,8,27:24
duplicated_entry,N/A,27:51
thrshldpsscntdngrttl_nrml,9,28:07
stppsscount_nrml,8,28:07
stppsscount_nrml,9,28:08
stppsscount_nrml,10,28:09
duplicated_entry,N/A,28:29
collision,1,28:41
thrshldpsscntdngrttl_nrml,10,29:34
collision,1,29:34
thrshldpsscntdngrttl_nrml,11,30:16
stppsscount_nrml,11,30:17
stppsscount_nrml,12,30:18
stppsscount_nrml,13,30:18
duplicated_entry,N/A,30:24
thrshldpsscntdngrttl_nrml,12,31:01
stppsscount_nrml,14,31:02
duplicated_entry,N/A,31:02
stppsscount_nrml,15,31:03
stppsscount_nrml,16,31:03
stppsscount_nrml,17,31:04
stppsscount_nrml,18,31:05
thrshldpsscntdngrttl_nrml,13,31:47
stppsscount_nrml,19,31:48
duplicated_entry,N/A,32:00
thrshldpsscntdngrttl_nrml,14,32:31
stppsscount_nrml,20,32:31
wrong_entry,N/A,32:38
duplicated_entry,N/A,33:05
thrshldpsscntdngrttl_nrml,15,33:14
duplicated_entry,N/A,33:43
thrshldpsscntdngrttl_nrml,16,33:57
stppsscount_nrml,21,33:58
thrshldpsscntdngrttl_nrml,17,34:40
stppsscount_nrml,22,34:41
thrshldpsscntdngrttl_nrml,18,35:24
stppsscount_nrml,23,35:24
stppsscount_nrml,24,35:25
thrshldpsscntdngrttl_nrml,19,36:08
task_advance,13,36:43
end,N/A,36:43
