Event,Value,Timestamp
wrong_entry,N/A,01:27
wrong_entry,N/A,01:58
collision,1,02:17
collision,1,02:28
wrong_entry,N/A,03:11
collision,1,03:47
thrshldpsscntdngrttl_nrml,1,04:26
stppsscount_nrml,1,04:27
collision,1,04:51
calibration,1,04:54
collision,1,05:15
calibration,1,05:28
wrong_entry,N/A,06:25
task_advance,1,07:22
task_advance,2,08:45
danger_zone_start,ai_handler,08:55
thrshldpsscntttl_dngr,1,09:10
ai_incorrectlogging,1,09:10
stppsscount_dngr,1,09:10
thrshldpsscntttl_dngr,2,09:19
ai_incorrectlogging,2,09:19
stppsscount_dngr,2,09:19
thrshldpsscntttl_dngr,1,09:19
ai_incorrectlogging,3,09:19
stppsscount_dngr,1,09:19
thrshldpsscntttl_dngr,2,09:20
ai_incorrectlogging,4,09:20
stppsscount_dngr,2,09:20
ai_correctlogging,1,09:29
thrshldpsscntttl_dngr,3,09:31
ai_incorrectlogging,5,09:31
stppsscount_dngr,3,09:31
thrshldpsscntttl_dngr,1,09:41
ai_incorrectlogging,6,09:42
stppsscount_dngr,1,09:42
ai_correctlogging,2,10:00
ai_correctlogging,3,10:27
ai_correctlogging,4,10:37
ai_correctlogging,5,11:00
ai_correctlogging,6,11:23
ai_correctlogging,7,11:32
danger_zone_end,ai_handler,11:45
task_advance,3,11:54
task_advance,4,13:28
task_advance,5,14:57
task_advance,6,16:20
danger_zone_start,operator_handler,16:30
thrshldpsscntttl_dngr,2,16:45
thrshldpsscntttl_dngr,4,17:55
stppsscount_dngr,4,17:57
thrshldpsscntttl_dngr,3,18:12
stppsscount_dngr,3,18:13
stppsscount_dngr,4,18:14
stppsscount_dngr,5,18:15
duplicated_entry,N/A,19:20
task_advance,7,21:13
task_advance,8,22:30
danger_zone_end,operator_handler,22:45
CHOICE,YES,23:44
thrshldpsscntdngrttl_nrml,2,24:52
task_advance,9,25:28
thrshldpsscntdngrttl_nrml,3,26:16
thrshldpsscntdngrttl_nrml,4,28:23
task_advance,10,30:02
danger_zone_start,ai_handler,30:12
thrshldpsscntttl_dngr,4,30:22
ai_incorrectlogging,7,30:22
stppsscount_dngr,6,30:22
ai_correctlogging,8,31:05
ai_correctlogging,9,31:07
ai_correctlogging,10,31:22
ai_correctlogging,11,32:00
ai_correctlogging,12,32:03
duplicated_entry,N/A,32:08
ai_correctlogging,13,32:22
duplicated_entry,N/A,32:47
ai_correctlogging,14,32:55
ai_correctlogging,15,32:59
ai_correctlogging,16,33:22
ai_correctlogging,17,33:50
ai_correctlogging,18,33:55
ai_correctlogging,19,34:22
ai_correctlogging,20,34:45
ai_correctlogging,21,34:51
ai_correctlogging,22,35:22
ai_correctlogging,23,35:40
ai_correctlogging,24,35:47
ai_correctlogging,25,36:22
calibration,1,36:27
ai_correctlogging,26,36:31
ai_correctlogging,27,36:31
ai_correctlogging,28,37:02
ai_correctlogging,29,37:10
collision,1,37:17
ai_correctlogging,30,37:19
calibration,1,37:33
ai_correctlogging,31,38:02
ai_correctlogging,32,38:05
ai_correctlogging,33,38:15
wrong_entry,N/A,38:37
ai_correctlogging,34,39:00
ai_correctlogging,35,39:02
ai_correctlogging,36,39:11
task_advance,11,39:41
collision,1,39:55
ai_correctlogging,37,39:55
calibration,1,39:57
ai_correctlogging,38,40:02
ai_correctlogging,39,40:07
ai_correctlogging,40,40:29
ai_correctlogging,41,40:41
ai_correctlogging,42,40:42
ai_correctlogging,43,41:24
duplicated_entry,N/A,41:35
ai_correctlogging,44,41:38
ai_correctlogging,45,41:41
ai_correctlogging,46,42:19
ai_correctlogging,47,42:34
ai_correctlogging,48,42:41
ai_correctlogging,49,43:14
duplicated_entry,N/A,43:24
ai_correctlogging,50,43:30
ai_correctlogging,51,43:41
ai_correctlogging,52,44:09
collision,1,44:12
ai_correctlogging,53,44:26
ai_correctlogging,54,44:41
duplicated_entry,N/A,44:56
ai_correctlogging,55,45:04
ai_correctlogging,56,45:22
ai_correctlogging,57,45:41
ai_correctlogging,58,45:59
ai_correctlogging,59,46:18
ai_correctlogging,60,46:41
ai_correctlogging,61,46:54
ai_correctlogging,62,47:14
ai_correctlogging,63,47:41
ai_correctlogging,64,47:49
task_advance,12,48:06
ai_correctlogging,65,48:10
danger_zone_end,ai_handler,48:16
thrshldpsscntdngrttl_nrml,5,48:58
stppsscount_nrml,2,48:59
stppsscount_nrml,3,49:00
stppsscount_nrml,4,49:00
duplicated_entry,N/A,50:47
thrshldpsscntdngrttl_nrml,6,51:07
stppsscount_nrml,5,51:08
thrshldpsscntdngrttl_nrml,7,51:51
stppsscount_nrml,6,51:51
stppsscount_nrml,7,51:52
thrshldpsscntdngrttl_nrml,8,52:35
stppsscount_nrml,8,52:35
thrshldpsscntdngrttl_nrml,9,53:18
stppsscount_nrml,9,53:19
duplicated_entry,N/A,54:17
thrshldpsscntdngrttl_nrml,10,55:25
task_advance,13,55:57
end,N/A,55:57
