Event,Value,Timestamp
task_advance,1,00:44
task_advance,2,01:31
danger_zone_start,ai_handler,01:41
thrshldpsscntttl_dngr,1,01:56
ai_incorrectlogging,1,01:56
stppsscount_dngr,1,01:56
thrshldpsscntttl_dngr,1,02:06
ai_incorrectlogging,2,02:06
stppsscount_dngr,1,02:06
thrshldpsscntttl_dngr,2,02:16
ai_incorrectlogging,3,02:17
stppsscount_dngr,2,02:17
thrshldpsscntttl_dngr,3,02:27
ai_incorrectlogging,4,02:28
stppsscount_dngr,3,02:28
thrshldpsscntttl_dngr,2,02:38
ai_incorrectlogging,5,02:38
stppsscount_dngr,2,02:38
ai_correctlogging,1,02:41
thrshldpsscntttl_dngr,4,02:48
ai_incorrectlogging,6,02:48
stppsscount_dngr,4,02:48
wrong_entry,N/A,03:19
ai_correctlogging,2,03:33
task_advance,3,03:40
ai_correctlogging,3,03:41
ai_correctlogging,4,03:44
task_advance,4,03:58
danger_zone_end,ai_handler,04:08
task_advance,5,05:01
task_advance,6,06:03
danger_zone_start,operator_handler,06:13
thrshldpsscntttl_dngr,1,06:28
thrshldpsscntttl_dngr,2,07:12
stppsscount_dngr,1,07:13
thrshldpsscntttl_dngr,3,07:28
stppsscount_dngr,2,07:29
wrong_entry,N/A,07:33
wrong_entry,N/A,08:15
task_advance,7,10:03
task_advance,8,11:57
danger_zone_end,operator_handler,12:12
thrshldpsscntdngrttl_nrml,1,12:55
CHOICE,NO,13:09
wrong_entry,N/A,13:50
task_advance,9,14:20
task_advance,10,14:51
danger_zone_start,operator_handler,15:01
thrshldpsscntttl_dngr,4,15:34
task_advance,11,15:59
task_advance,12,17:06
danger_zone_end,operator_handler,17:16
duplicated_entry,N/A,19:39
duplicated_entry,N/A,20:35
task_advance,13,22:45
end,N/A,22:45
